
SET SQL_MODE = "NO_AUTO_VALUE_ON_ZERO";
SET time_zone = "+00:00";

--
-- Database: `kwiz`
--
CREATE DATABASE IF NOT EXISTS `kwiz` DEFAULT CHARACTER SET latin1 COLLATE latin1_swedish_ci;
USE `kwiz`;

-- --------------------------------------------------------

--
-- Table structure for table `category`
--

CREATE TABLE IF NOT EXISTS `category` (
  `categoryid` int(11) NOT NULL AUTO_INCREMENT,
  `category` varchar(32) NOT NULL,
  PRIMARY KEY (`categoryid`)
) ENGINE=InnoDB  DEFAULT CHARSET=latin1 AUTO_INCREMENT=6 ;

--
-- Dumping data for table `category`
--

INSERT INTO `category` (`categoryid`, `category`) VALUES
(1, 'Cloud Technologies'),
(2, 'General Knowledge'),
(3, 'Mathematics'),
(4, 'Technology'),
(5, 'Others');

-- --------------------------------------------------------

--
-- Table structure for table `game`
--

CREATE TABLE IF NOT EXISTS `game` (
  `gameid` int(11) NOT NULL AUTO_INCREMENT,
  `gamename` varchar(32) NOT NULL,
  PRIMARY KEY (`gameid`)
) ENGINE=InnoDB  DEFAULT CHARSET=latin1 AUTO_INCREMENT=13 ;

--
-- Dumping data for table `game`
--

INSERT INTO `game` (`gameid`, `gamename`) VALUES
(1, 'Cloud Computing'),
(2, 'Family Feud'),
(3, 'Jeopardy'),
(4, 'Mathematics'),
(5, 'Single Player');

-- --------------------------------------------------------

--
-- Table structure for table `question`
--

CREATE TABLE IF NOT EXISTS `question` (
  `qid` int(11) NOT NULL AUTO_INCREMENT,
  `qzid` int(11) NOT NULL,
  `question` varchar(255) NOT NULL,
  `answer` varchar(50) NOT NULL,
  `choiceA` varchar(128) NOT NULL,
  `choiceB` varchar(128) NOT NULL,
  `choiceC` varchar(128) DEFAULT NULL,
  `choiceD` varchar(128) DEFAULT NULL,
  PRIMARY KEY (`qid`),
  KEY `qzid` (`qzid`)
) ENGINE=InnoDB  DEFAULT CHARSET=latin1 AUTO_INCREMENT=51 ;

--
-- Dumping data for table `question`
--

INSERT INTO `question` (`qid`, `qzid`, `question`, `answer`, `choiceA`, `choiceB`, `choiceC`, `choiceD`) VALUES
(1, 1, 'What does PaaS stand for ?', 'Platform as a service ', 'Software as a service ', 'Infrastructure as a service ', 'Testing as a service ','Platform as a service '),
(2, 1, 'What does EC2 stand for ?', 'Elastic compute cloud ', 'Elastic computation cloud ', 'Elastic compute cloud', 'Elastic coding cloud ', 'Elastic category cloud '),
(3, 1, 'Code that can be passed as a parameter or stored in a variable in groovy ?', 'Closure', 'Closeup', 'Scaffolding', 'Closure', 'Grails'),
(4, 1, 'What is the the type of database is force.com ', 'ORDBMS ', 'ORDBMS', 'OODBMS', 'ODBMS','RDBMS'),
(5, 1, 'The foundation concept for all force.com apps  ', 'Object', 'Class', 'Relation mapping', 'multitenancy','Object'),
(6, 1, 'What does SaaS stand for ', 'Software as a service ', 'System as a service ', 'Software as a service ', 'String as a service ','Cloud as a service '), 
(7, 1, 'What was the analogy used in Power of the cloud role?', 'Hotel', 'Hotel', 'Home', 'Bungalow', 'Guest House'),
(8, 1, 'The UI is automatically generated by force.com based on objects.  What is this called in grails    ', 'Scaffolding ', 'Object', 'Flow', 'UI Model', 'Scaffolding'),
(9, 1, 'Strongly typed, object-oriented programming language in Force.com ', 'APEX', 'CAPEX', 'OPEX', 'DORM' ,'APEX'),
(10, 1, 'Grails default locking model for GORM objects is  ', 'Optimistic', 'Pessimistic', 'Finegrained', 'drooping', 'Optimistic'),
(11, 2, 'What building does the President live in?', 'White House', 'Green House', 'White House', 'Red House', 'President Palace'),
(12, 2, 'What is the longest river in America?', 'Mississippi', 'Mississippi', 'Columbia River', 'Rio Grande', 'Snake River'),
(13, 2, 'How many stripes are there on the flag', '13', '12', '11', '10','13'),
(14, 2, 'What is the largest state in US', 'Alaska', 'Alaska', 'Alabama', 'Nebraska', 'Nevada'),
(15, 2, 'When is Americas birthday?', 'July 4', 'July 5', 'July 4', 'July 9', 'July 10'),
(16, 2, 'Headquarters of UNO are situated at', 'New York', 'Netherlands', 'Geneva', 'New York', 'Australia'),
(17, 2, 'For seeing objects at the surface of water from a submarine under water, the instrument used is', 'periscope', 'kaleidoscope', 'spectroscope', 'telescope','periscope'),
(18, 2, 'Dr. Zakir Hussain was', 'the first Muslim president of India', 'first vice president of India', 'first president of Indian National Congress', 'the first Muslim president of India','the first noble prize winner'),
(19, 2, 'G-15 is an economic grouping of', 'Third World Nations', 'First World Nations', 'Third World Nations',  'Fourth World Nations',' Fifth World Nations'),
(20, 2, 'Entomology is the science that studies',  'Insects', 'Behavior of human beings', 'The origin and history of technical and scientific terms', 'Insects','The formation of soil'),
(21, 3, '122+134', '256', '246', '256','226', '266'),
(22, 3, '122*2', '244','244', '444', '144', '544'),
(23, 3, '120/4', '30', '40', '50', '60', '30'),
(24, 3, '142-129', '13', '13', '43', '53', '63'),
(25, 3, '122+154', '276', '266', '256', '276', '226'),
(26, 3, '122*13', '1586', '1446', '1586', '1226', '1445'),
(27, 3, '59/9', '6.5', '6.5', '4.5', '3.5', '9.5'),
(28, 3, '142-119', '23', '43', '23', '64', '97'),
(29, 3, '120/5', '24', '24', '54', '64', '14'),
(30, 3, '122+144', '266', '265', '266', '261', '231'),
(31, 4, 'What does UML stand for ', 'Unified Modelling Language ', 'Unified Model Language ', 'Unified Modelling Logic ', 'Unity Modelling Language', 'Unified Modelling Language'),
(32, 4, 'What does IEEE stand for ', 'Institute of Electrical and Electronics Engineers ', 'Institute of Electric and Electronics Engineers ', 'Institute of Electrical and Electronic Engineers ', 'Institute of Electrical and Electronics Engines ', 'Institute of Electrical and Electronics Engineers'),
(33, 4, 'What is the SDLC model where the requirements must be well defined', 'Waterfall model', 'Waterfall model', 'Scrum', 'STLC', 'Incremental'),
(34, 4, 'What does ISO stand for ', ' International Organization for Standardization  ', ' Internation Organization for Standardization  ', ' International Organize for Standardization  ', ' International Organization for Standard  ', ' International Organization for Standards'),
(35, 4, 'What does OSI stand for', ' Open Systems Interconnection model  ', ' Open Systems Interconnection model  ', ' International Standards Organization   ', ' International Organize for Standardization  ','International Organization for Standard'),
(36, 4, 'What is the type of relationship that behaves as a part whole relationship in UML? ', ' Aggregation ', 'Generalization', 'Association', 'Aggregation ', 'Dependency'),
(37, 4, 'What is the most famous Iaas vendors? ', 'AWS', 'at & t', 'AWS', 'ca technologies','cloudscaling'),
(38, 4, 'What is the most famous Paas vendors? ', 'AWS', 'at & t', 'AWS', 'ca technologies','cloudscaling'),
(39, 4, 'The DBMS acts as an interface between what two components of an enterprise-class database system?', 'Database application and the database', 'Data and the database', 'The user and the database application', 'Database application and SQL', 'Database application and the database'),
(40, 4, 'Which of the following products was an early implementation of the relational model developed by E.F. Codd of IBM?', 'DB2', 'dBase-2', 'DB2', 'IDBMS', 'MySQL'),
(41, 5, '11, 22, 33, 44, 55, ? ', ' 66 ', '67', '66', '43', '49'),
(42, 5, 'A, C, E, G, ?', 'I', 'J', 'K', 'L', 'I'),
(43, 5, 'If 5, 12 are two sides of a right angled triangle what is 3rd side ', '13', '12', '14', '16', '17'),
(44, 5, 'ON, DJ, FM, AM, ? ', ' JJ ', 'JJ', 'LM', 'NO', 'PQ'),
(45, 5, '12, 7, 18, 10, 5, ?, 9, 1, 12, 6 ', '14', '15', '16', '17', '14'),
(46, 5, 'In which year, terrorists crash two planes into New Yorks World Trade Centre on September 11 in a sequence of destruction? ', '2001', '2002', '2001', '2003', '2005'),
(47, 5, 'In a normal human body, the total number of red blood cells is ', ' 30 trillion ', ' 10 trillion ', ' 20 trillion ', ' 40 trillion ', '30 trillion'),
(48, 5, 'In which season do we need more fat? ', ' Winter ', 'Summer', 'Winter', 'Fall', 'Rainy'),
(49, 5, 'If force is expressed in Newton and the distance in metre, then the work done is expressed in ', ' Joule ', ' Kg wt ', ' Kg wt m ', ' Watt ','Joule'),
(50, 5, 'How many times has Brazil won the World Cup Football Championship? ', ' Five times ', ' Four times ', ' Five times  ', ' One time ', 'Two times');

-- --------------------------------------------------------
--
-- Table structure for table `users`
--

CREATE TABLE IF NOT EXISTS `users` (
  `userid` int(11) NOT NULL AUTO_INCREMENT,
  `firstname` varchar(50),
  `lastname` varchar(50),
  `email` varchar(100) NOT NULL,
  `password` varchar(100) NOT NULL,
  PRIMARY KEY (`userid`)
) ENGINE=InnoDB  DEFAULT CHARSET=latin1 AUTO_INCREMENT=7 ;

--
-- Dumping data for table `users`
--

INSERT INTO `users` (`userid`, `firstname`, `lastname`, `email`, `password`) VALUES
(1, 'root', 'root', 'root', 'root'),
(2, 'Cloud', 'Admin', 'cloud@gmail.com', 'test'),
(3, 'FamilyFeud', 'Admin', 'familyFeud@gmail.com', 'test'),
(4, 'Jeopardy', 'Admin', 'jeopardy@gmail.com', 'test'),
(5, 'Mathematics', 'Admin', 'mathQuiz@gmail.com', 'test'),
(6, 'SinglePlayer', 'Admin', 'singleplayer@gmail.com', 'test');

-- --------------------------------------------------------
--
-- Table structure for table `quiz`
--

CREATE TABLE IF NOT EXISTS `quiz` (
  `qzid` int(11) NOT NULL AUTO_INCREMENT,
  `userid` int(32) NOT NULL,
  `catid` int(11) NOT NULL,
  `title` varchar(50) NOT NULL,
  PRIMARY KEY (`qzid`),
  KEY `userid` (`userid`)
) ENGINE=InnoDB  DEFAULT CHARSET=latin1 AUTO_INCREMENT=6 ;

--
-- Dumping data for table `quiz`
--

INSERT INTO `quiz` (`qzid`, `userid`, `catid`, `title`) VALUES
(1, 1, 1, 'Cloud Technologies'),
(2, 2, 2, 'General Knowledge'),
(3, 3, 3, 'Mathematics'),
(4, 4, 4, 'Technology'),
(5, 5, 5, 'Other');

